"Esp";"I_meses";"Parc_m2";"N_arv";"DAP_cm";"H_m";"Vol"
"E_camaldulensis";34;288;1;5,411268065;7,65148990244183;0,00879840587853276
"E_camaldulensis";34;288;2;12,25493062;11,4240456682602;0,0673754269102436
"E_camaldulensis";34;288;3;3,978873577;5,909204961559;0,00367374679388549
"E_camaldulensis";34;288;4;6,429859701;8,57287335373954;0,0139183991571834
"E_camaldulensis";34;288;5;9,67662054;10,4989569793946;0,0386058806470975
"E_camaldulensis";34;288;6;5,665915974;7,90233828113733;0,00996221159541244
"E_camaldulensis";34;288;7;;;
"E_camaldulensis";34;288;8;7,384789359;9,26934029293775;0,0198511164112215
"E_camaldulensis";34;288;9;9,963099438;10,6208278331055;0,04140065234452
"E_camaldulensis";34;288;10;6,238873769;8,41580753207621;0,0128637644095045
"E_camaldulensis";34;288;11;9,963099438;10,6208278331055;0,04140065234452
"E_camaldulensis";34;288;12;4,329014452;6,39466161639314;0,00470603903390443
"E_camaldulensis";34;288;13;11,23633898;11,100503143258;0,055036678372131
"E_camaldulensis";34;288;14;8,944507802;10,1596440730956;0,0319191467575084
"E_camaldulensis";34;288;15;6,270704758;8,44244423565677;0,0130364935276521
"E_camaldulensis";34;288;16;;;
"E_camaldulensis";34;288;17;11,07718404;11,0455109145118;0,0532236233927693
"E_camaldulensis";34;288;18;9,421972631;10,3856809597144;0,0362058326498344
"E_camaldulensis";34;288;19;7,257465405;9,18420600430832;0,0189964063443934
"E_camaldulensis";34;288;20;8,435211984;9,89674667246745;0,0276531329698816
"E_camaldulensis";34;288;21;9,89943746;10,5942352839273;0,0407709219422697
"E_camaldulensis";34;288;22;10,18591636;10,7117847514574;0,0436437374269452
"E_camaldulensis";34;288;23;6,525352667;8,64899075472891;0,0144621644406234
"E_camaldulensis";34;288;24;9,262817688;10,3123809947461;0,0347460202243276
"E_camaldulensis";34;288;25;12,60507149;11,525061711416;0,0719107422491156
"E_camaldulensis";34;288;26;8,085071109;9,70135622189232;0,0249034791829968
"E_camaldulensis";34;288;27;6,652676621;8,74807893331319;0,0152042641262586
"E_camaldulensis";34;288;28;7,639437268;9,4332756341897;0,0216194752305805
"E_camaldulensis";34;288;29;9,390141642;10,3711786074286;0,0359113958169859
"E_camaldulensis";34;288;30;9,199155711;10,2825004335716;0,0341707540355709
"E_camaldulensis";34;288;31;6,270704758;8,44244423565677;0,0130364935276521
"E_camaldulensis";34;288;32;;;
"E_camaldulensis";34;288;33;10,12225438;10,6861272299979;0,0429966600154976
"E_camaldulensis";34;288;34;5,602253997;7,84102096610729;0,00966402603083089
"E_camaldulensis";34;288;35;11,26816997;11,111347339158;0,0554030135534472
"E_camaldulensis";34;288;36;6,970986507;8,98442288321834;0,0171450420759162
"E_camaldulensis";34;288;37;8,244226052;9,79174299881461;0,0261348297068133
"E_camaldulensis";34;288;38;10,18591636;10,7117847514574;0,0436437374269452
"E_camaldulensis";34;288;39;;;
"E_camaldulensis";34;288;40;9,89943746;10,5942352839273;0,0407709219422697
"E_camaldulensis";34;288;41;10,24957834;10,737184006201;0,0442957724916758
"E_camaldulensis";34;288;42;10,37690229;10,7872228781765;0,0456147178001162
"E_camaldulensis";34;288;43;9,040000768;10,2063521610274;0,0327542281392071
"E_camaldulensis";34;288;44;4,583662361;6,72147143543828;0,00554561201319155
"E_camaldulensis";34;288;45;8,085071109;9,70135622189232;0,0249034791829968
"E_camaldulensis";34;288;46;;;
"E_camaldulensis";34;288;47;9,262817688;10,3123809947461;0,0347460202243276
"E_camaldulensis";34;288;48;14,2602829;11,9447078954584;0,0953875516914613
"E_citriodora";34;288;1;8,658028904;11,3797823067818;0,0334990046045669
"E_citriodora";34;288;2;8,276057041;11,0145899717209;0,0296261468397791
"E_citriodora";34;288;3;9,867606472;12,4095667883342;0,0474504296041266
"E_citriodora";34;288;4;9,517465597;12,1296786826972;0,0431471200879811
"E_citriodora";34;288;5;8,435211984;11,1693162317703;0,0312089009814773
"E_citriodora";34;288;6;6,111549815;8,47715043391059;0,0124340465204142
"E_citriodora";34;288;7;6,748169587;9,31685436387312;0,0166610040149332
"E_citriodora";34;288;8;8,339719018;11,0769292907676;0,0302539515014708
"E_citriodora";34;288;9;12,98704336;14,4026101536788;0,0953941345343191
"E_citriodora";34;288;10;4,806479281;6,4593680683817;0,00586008704597185
"E_citriodora";34;288;11;8,403380995;11,1386689087463;0,0308888179428009
"E_citriodora";34;288;12;8,276057041;11,0145899717209;0,0296261468397791
"E_citriodora";34;288;13;11,61831085;13,6249819416453;0,0722240444843539
"E_citriodora";34;288;14;9,135493733;11,8079678169506;0,038698942234838
"E_citriodora";34;288;15;5,952394872;8,25323224231572;0,0114833187391023
"E_citriodora";34;288;16;2,578310078;2,14983376967971;0,000561222480012673
"E_citriodora";34;288;17;11,26816997;13,4038273022946;0,0668336973932963
"E_citriodora";34;288;18;6,302535746;8,73827732994601;0,0136306430435859
"E_citriodora";34;288;19;9,230986699;11,8900661253306;0,0397869278153474
"E_citriodora";34;288;20;;;
"E_citriodora";34;288;21;7,002817496;9,62916907472405;0,0185436112587005
"E_citriodora";34;288;22;6,875493542;9,47461666201546;0,0175885197327058
"E_citriodora";34;288;23;;;
"E_citriodora";34;288;24;8,435211984;11,1693162317703;0,0312089009814773
"E_citriodora";34;288;25;10,56788822;12,9300957507588;0,0567071797186994
"E_citriodora";34;288;26;9,071831756;11,7525983390756;0,0379825181564567
"E_citriodora";34;288;27;7,8304232;10,5607574833745;0,0254287741248784
"E_citriodora";34;288;28;10,6315502;12,9750025955917;0,0575917834341847
"E_citriodora";34;288;29;7,289296394;9,96557492094485;0,0207937808983685
"E_citriodora";34;288;30;10,82253613;13,1074528729699;0,060288749971859
"E_citriodora";34;288;31;6,46169069;8,94974778491264;0,0146744898682433
"E_citriodora";34;288;32;9,517465597;12,1296786826972;0,0431471200879811
"E_citriodora";34;288;33;9,167324722;11,8354605644972;0,0390598236821047
"E_citriodora";34;288;34;4,074366543;5,13862565954591;0,00334986311415543
"E_citriodora";34;288;35;6,334366735;8,78101192850138;0,0138360097774345
"E_citriodora";34;288;36;10,18591636;12,6523797173318;0,0515504326330033
"E_citriodora";34;288;37;4,520000384;5,95866884552013;0,00478064042110481
"E_citriodora";34;288;38;;;
"E_citriodora";34;288;39;7,416620348;10,1102241687926;0,0218390009626255
"E_citriodora";34;288;40;;;
"E_citriodora";34;288;41;9,517465597;12,1296786826972;0,0431471200879811
"E_citriodora";34;288;42;5,443099054;7,49639883402292;0,00872177835006327
"E_citriodora";34;288;43;5,379437077;7,39733239453035;0,00840637352831066
"E_citriodora";34;288;44;10,82253613;13,1074528729699;0,060288749971859
"E_citriodora";34;288;45;;;
"E_citriodora";34;288;46;4,806479281;6,4593680683817;0,00586008704597185
"E_citriodora";34;288;47;;;
"E_citriodora";34;288;48;9,835775483;12,384688927714;0,0470502788663906
"E_dunnii";34;288;1;12,41408556;14,4492123441319;0,0874447071701712
"E_dunnii";34;288;2;11,65014183;14,0640651758636;0,0749606219295281
"E_dunnii";34;288;3;13,08253632;14,7566143971168;0,0991814636163236
"E_dunnii";34;288;4;;;
"E_dunnii";34;288;5;13,20986028;14,812326015147;0,101503167762152
"E_dunnii";34;288;6;;;
"E_dunnii";34;288;7;12,38225457;14,4339166059441;0,0869047540000485
"E_dunnii";34;288;8;;;
"E_dunnii";34;288;9;11,55464887;14,0131289013535;0,0734697407611478
"E_dunnii";34;288;10;10,31324031;13,2860194762905;0,0554938741943704
"E_dunnii";34;288;11;12,5732405;14,5247660677905;0,0901702923516317
"E_dunnii";34;288;12;11,4591559;13,9615327948348;0,0719943213881002
"E_dunnii";34;288;13;12,38225457;14,4339166059441;0,0869047540000485
"E_dunnii";34;288;14;11,65014183;14,0640651758636;0,0749606219295281
"E_dunnii";34;288;15;10,66338119;13,5041463176942;0,0602999413203532
"E_dunnii";34;288;16;12,19126864;14,3408158767212;0,0837011737281961
"E_dunnii";34;288;17;11,33183195;13,891689864855;0,0700511413087543
"E_dunnii";34;288;18;12,25493062;14,3721046214209;0,0847621510440256
"E_dunnii";34;288;19;13,17802929;14,7984794452499;0,100920156726328
"E_dunnii";34;288;20;12,89155039;14,6713918599996;0,0957505998956077
"E_dunnii";34;288;21;11,87295875;14,1804187535761;0,0784994943951739
"E_dunnii";34;288;22;12,8597194;14,6569908768235;0,0951848188982671
"E_dunnii";34;288;23;;;
"E_dunnii";34;288;24;;;
"E_dunnii";34;288;25;13,4326772;14,9077651663528;0,105632506574907
"E_dunnii";34;288;26;;;
"E_dunnii";34;288;27;11,68197282;14,0808994330047;0,0754610189758605
"E_dunnii";34;288;28;;;
"E_dunnii";34;288;29;;;
"E_dunnii";34;288;30;14,22845191;15,2286398811195;0,121069933330495
"E_dunnii";34;288;31;;;
"E_dunnii";34;288;32;12,28676161;14,3876527309669;0,0852952206028013
"E_dunnii";34;288;33;11,93662073;14,2130360826919;0,0795260723971895
"E_dunnii";34;288;34;12,44591655;14,4644459280809;0,0879863815046201
"E_dunnii";34;288;35;12,63690248;14,5545626924228;0,0912725774706011
"E_dunnii";34;288;36;11,58647986;14,0301803644737;0,0739649830310165
"E_dunnii";34;288;37;;;
"E_dunnii";34;288;38;11,49098689;13,978805579327;0,0724844100742305
"E_dunnii";34;288;39;11,23633898;13,8385048372837;0,0686117854345494
"E_dunnii";34;288;40;11,30000096;13,8740387916347;0,0695696391790707
"E_dunnii";34;288;41;11,87295875;14,1804187535761;0,0784994943951739
"E_dunnii";34;288;42;11,58647986;14,0301803644737;0,0739649830310165
"E_dunnii";34;288;43;13,24169127;14,826118877584;0,102087902269483
"E_dunnii";34;288;44;;;
"E_dunnii";34;288;45;9,867606472;12,991758785065;0,0496765556912139
"E_dunnii";34;288;46;12,89155039;14,6713918599996;0,0957505998956077
"E_dunnii";34;288;47;11,58647986;14,0301803644737;0,0739649830310165
"E_dunnii";34;288;48;;;
"E_paniculata";34;288;1;7,8304232;10,6557168916253;0,0256574226235531
"E_paniculata";34;288;2;6,525352667;9,27682543497194;0,0155119803838578
"E_paniculata";34;288;3;5,283944111;7,63067048804636;0,00836640755112373
"E_paniculata";34;288;4;5,283944111;7,63067048804636;0,00836640755112373
"E_paniculata";34;288;5;;;
"E_paniculata";34;288;6;5,411268065;7,81727376732052;0,00898903982694183
"E_paniculata";34;288;7;8,689859893;11,4115238014637;0,0338399002995817
"E_paniculata";34;288;8;9,89943746;12,3161559066261;0,0473975721362052
"E_paniculata";34;288;9;8,849014836;11,5403913745948;0,0354870803346083
"E_paniculata";34;288;10;8,75352187;11,4634589531644;0,034493813286539
"E_paniculata";34;288;11;9,103662745;11,7400214229547;0,0382085974467843
"E_paniculata";34;288;12;6,111549815;8,7689970360249;0,0128621189317516
"E_paniculata";34;288;13;7,416620348;10,2516399259259;0,0221444718210954
"E_paniculata";34;288;14;8,212395064;11,0047146806171;0,0291459583105606
"E_paniculata";34;288;15;8,817183847;11,5148754014125;0,0351543377849722
"E_paniculata";34;288;16;7,734930234;10,5649550956259;0,0248222041408612
"E_paniculata";34;288;17;7,480282325;10,3156648265966;0,0226669500479811
"E_paniculata";34;288;18;9,67662054;12,1617021636416;0,0447199872441206
"E_paniculata";34;288;19;7,161972439;9,98842788696661;0,0201197377220745
"E_paniculata";34;288;20;7,161972439;9,98842788696661;0,0201197377220745
"E_paniculata";34;288;21;7,989578143;10,8038121623166;0,0270822415990195
"E_paniculata";34;288;22;8,212395064;11,0047146806171;0,0291459583105606
"E_paniculata";34;288;23;5,825070917;8,39437733869869;0,0111853816550137
"E_paniculata";34;288;24;4,265352475;5,97132103968411;0,0042661896535563
"E_paniculata";34;288;25;8,371550007;11,143806083929;0,0306693932059414
"E_paniculata";34;288;26;6,939155519;9,7483890855446;0,0184334227098898
"E_paniculata";34;288;27;9,867606472;12,294400562795;0,0470100687945247
"E_paniculata";34;288;28;8,085071109;10,8908143934488;0,0279568302956544
"E_paniculata";34;288;29;5,570423008;8,04445400485097;0,00980240880361733
"E_paniculata";34;288;30;9,549296586;12,071121837712;0,0432265209599712
"E_paniculata";34;288;31;8,785352859;11,489231561263;0,0348232489051346
"E_paniculata";34;288;32;5,570423008;8,04445400485097;0,00980240880361733
"E_paniculata";34;288;33;8,116902098;10,9195125999688;0,0282516459468597
"E_paniculata";34;288;34;7,957747155;10,7745052345792;0,0267939963691787
"E_paniculata";34;288;35;15,82000134;15,1200963941603;0,148602965934458
"E_paniculata";34;288;36;5,252113122;7,58333173988748;0,00821463145372966
"E_paniculata";34;288;37;9,67662054;12,1617021636416;0,0447199872441206
"E_paniculata";34;288;38;8,435211984;11,1984474065199;0,031290298260359
"E_paniculata";34;288;39;8,148733086;10,9480613386248;0,0285481054893664
"E_paniculata";34;288;40;5,920563883;8,5214372925452;0,0117300234736903
"E_paniculata";34;288;41;9,835775483;12,2725432095349;0,0466242296256873
"E_paniculata";34;288;42;8,626197916;11,3590626009233;0,0331925956251149
"E_paniculata";34;288;43;7,002817496;9,81792750086978;0,0189071174812092
"E_paniculata";34;288;44;9,071831756;11,7154968919788;0,0378626122133343
"E_paniculata";34;288;45;8,276057041;11,0607828597411;0,029750392707029
"E_paniculata";34;288;46;;;
"E_paniculata";34;288;47;9,708451529;12,1840799391576;0,0450975095043391
"E_paniculata";34;288;48;6,620845633;9,38874521519426;0,0161619725178365
"E_urophylla_grandis";34;288;1;12,41408556;14,1331316472348;0,085531828922968
"E_urophylla_grandis";34;288;2;10,28140932;13,1175093366141;0,0544523423899791
"E_urophylla_grandis";34;288;3;10,98169107;13,4856859312804;0,0638662433352043
"E_urophylla_grandis";34;288;4;11,80929678;13,8752973993052;0,0759889179135945
"E_urophylla_grandis";34;288;5;7,639437268;11,288971395289;0,0258724166369753
"E_urophylla_grandis";34;288;6;4,456338407;7,43749839691768;0,00580020170823808
"E_urophylla_grandis";34;288;7;10,82253613;13,4053283392416;0,061658851370113
"E_urophylla_grandis";34;288;8;9,262817688;12,5060597254244;0,0421372915108191
"E_urophylla_grandis";34;288;9;12,60507149;14,2103271975119;0,0886654841391147
"E_urophylla_grandis";34;288;10;9,167324722;12,4434494070005;0,0410663308948533
"E_urophylla_grandis";34;288;11;;;
"E_urophylla_grandis";34;288;12;;;
"E_urophylla_grandis";34;288;13;9,772113506;12,824078231455;0,048090916079393
"E_urophylla_grandis";34;288;14;;;
"E_urophylla_grandis";34;288;15;13,05070533;14,3831734912882;0,0962016614332872
"E_urophylla_grandis";34;288;16;;;
"E_urophylla_grandis";34;288;17;10,02676141;12,9736905545761;0,0512206142709588
"E_urophylla_grandis";34;288;18;13,36901522;14,5007633546187;0,101776986146633
"E_urophylla_grandis";34;288;19;11,77746579;13,8611321591471;0,0755026670471399
"E_urophylla_grandis";34;288;20;7,512113314;11,1777414378858;0,0247706957816236
"E_urophylla_grandis";34;288;21;13,62366313;14,5915292103668;0,106352692015184
"E_urophylla_grandis";34;288;22;9,230986699;12,485298746745;0,0417787146642952
"E_urophylla_grandis";34;288;23;15,21521256;15,1002042619828;0,137277308487171
"E_urophylla_grandis";34;288;24;9,45380362;12,6283851470867;0,0443221539338881
"E_urophylla_grandis";34;288;25;;;
"E_urophylla_grandis";34;288;26;11,71380381;13,8326146837096;0,0745349658988292
"E_urophylla_grandis";34;288;27;10,82253613;13,4053283392416;0,061658851370113
"E_urophylla_grandis";34;288;28;6,68450761;10,3850567738448;0,0182224851470828
"E_urophylla_grandis";34;288;29;12,09577567;14,0000505230667;0,0804371984523047
"E_urophylla_grandis";34;288;30;9,89943746;12,8996296434615;0,0496430161481927
"E_urophylla_grandis";34;288;31;10,82253613;13,4053283392416;0,061658851370113
"E_urophylla_grandis";34;288;32;10,09042339;13,0101754176595;0,0520189781577127
"E_urophylla_grandis";34;288;33;9,581127574;12,7078594823384;0,0458105531127656
"E_urophylla_grandis";34;288;34;10,50422624;13,2388518537023;0,0573638566773176
"E_urophylla_grandis";34;288;35;8,371550007;11,8807178184688;0,0326974826732616
"E_urophylla_grandis";34;288;36;10,59971921;13,2896238109976;0,0586355893847336
"E_urophylla_grandis";34;288;37;9,708451529;12,7857298694127;0,0473244247563282
"E_urophylla_grandis";34;288;38;12,09577567;14,0000505230667;0,0804371984523047
"E_urophylla_grandis";34;288;39;13,46450819;14,5351362200993;0,10348084861766
"E_urophylla_grandis";34;288;40;8,339719018;11,8565674975905;0,0323833445741133
"E_urophylla_grandis";34;288;41;12,35042358;14,1069649580458;0,0845000914132442
"E_urophylla_grandis";34;288;42;;;
"E_urophylla_grandis";34;288;43;6,46169069;10,1486930463859;0,0166403452772333
"E_urophylla_grandis";34;288;44;10,50422624;13,2388518537023;0,0573638566773176
"E_urophylla_grandis";34;288;45;11,07718404;13,5330158772495;0,065209852762246
"E_urophylla_grandis";34;288;46;4,83831027;8,04942252756402;0,00739966469971941
"E_urophylla_grandis";34;288;47;9,644789551;12,7469922116593;0,0465643041966893
"E_urophylla_grandis";34;288;48;10,79070514;13,3890311101946;0,0612221655308923
"E_camaldulensis";46;288;1;5,888732894;6,57485190979775;0,00895343267709772
"E_camaldulensis";46;288;2;15,78817035;15,220651689996;0,148989869821692
"E_camaldulensis";46;288;3;4,042535555;3,56750546022799;0,00228945561718233
"E_camaldulensis";46;288;4;13,87831104;14,2099028397325;0,107479151063087
"E_camaldulensis";46;288;5;12,50957853;13,3536205898997;0,0820624112866118
"E_camaldulensis";46;288;6;6,366197724;7,26927312589555;0,0115694075078918
"E_camaldulensis";46;288;7;;;
"E_camaldulensis";46;288;8;7,321127382;8,54354633056549;0,0179826624062175
"E_camaldulensis";46;288;9;11,07718404;12,3085943803975;0,0593098858773426
"E_camaldulensis";46;288;10;7,321127382;8,54354633056549;0,0179826624062175
"E_camaldulensis";46;288;11;12,47774754;13,3321702613945;0,0815141728045908
"E_camaldulensis";46;288;12;4,424507418;4,22163002430965;0,00324541254609165
"E_camaldulensis";46;288;13;12,47774754;13,3321702613945;0,0815141728045908
"E_camaldulensis";46;288;14;9,612958563;11,0441018957906;0,0400778514444341
"E_camaldulensis";46;288;15;6,939155519;8,05185768199586;0,0152254177536053
"E_camaldulensis";46;288;16;;;
"E_camaldulensis";46;288;17;13,78281807;14,1540884433196;0,105588796037903
"E_camaldulensis";46;288;18;12,35042358;13,2456152860346;0,0793406452644675
"E_camaldulensis";46;288;19;7,734930234;9,05016259644638;0,0212632217973162
"E_camaldulensis";46;288;20;10,37690229;11,7314166147018;0,049607323805075
"E_camaldulensis";46;288;21;11,65014183;12,7470297957233;0,0679409025266386
"E_camaldulensis";46;288;22;12,0321137;13,0238214516224;0,0740426875069261
"E_camaldulensis";46;288;23;7,671268257;8,97393885295593;0,0207384995441313
"E_camaldulensis";46;288;24;10,0585924;11,4527414309981;0,0455033908617998
"E_camaldulensis";46;288;25;15,72450838;15,1899135045229;0,147492296978035
"E_camaldulensis";46;288;26;8,97633879;10,4200819327608;0,0329708004395203
"E_camaldulensis";46;288;27;6,68450761;7,71081492169995;0,013530037768928
"E_camaldulensis";46;288;28;8,53070495;9,95282733938779;0,0284430522068695
"E_camaldulensis";46;288;29;11,26816997;12,4579637999705;0,0621174657033467
"E_camaldulensis";46;288;30;10,69521218;11,9996884937176;0,0539024701256617
"E_camaldulensis";46;288;31;6,811831564;7,88267908783866;0,014363541492993
"E_camaldulensis";46;288;32;;;
"E_camaldulensis";46;288;33;12,79605742;13,5433579039234;0,0870840466313765
"E_camaldulensis";46;288;34;5,825070917;6,47935649213785;0,00863364515547111
"E_camaldulensis";46;288;35;13,87831104;14,2099028397325;0,107479151063087
"E_camaldulensis";46;288;36;7,257465405;8,46322727844038;0,0175051500685841
"E_camaldulensis";46;288;37;9,803944494;11,2219544961765;0,042357476310972
"E_camaldulensis";46;288;38;8,307888029;9,70918041474386;0,0263162331936083
"E_camaldulensis";46;288;39;;;
"E_camaldulensis";46;288;40;11,71380381;12,7939944893063;0,0689385170320178
"E_camaldulensis";46;288;41;12,19126864;13,1356980100756;0,0766674191087819
"E_camaldulensis";46;288;42;8,212395064;9,60264048195809;0,0254325684291852
"E_camaldulensis";46;288;43;11,01352206;12,258063983708;0,0583894281167644
"E_camaldulensis";46;288;44;4,901972247;5,02170133957915;0,0047386263151502
"E_camaldulensis";46;288;45;8,912676813;10,3549198343284;0,0323015188672326
"E_camaldulensis";46;288;46;;;
"E_camaldulensis";46;288;47;7,321127382;8,54354633056549;0,0179826624062175
"E_camaldulensis";46;288;48;18,11183252;16,2276055666953;0,209044678247725
"E_citriodora";46;288;1;10,24957834;14,7992030888257;0,061053450579047
"E_citriodora";46;288;2;9,421972631;14,1443380992785;0,0493089995881442
"E_citriodora";46;288;3;11,49098689;15,6463560420356;0,0811311725513623
"E_citriodora";46;288;4;10,47239526;14,9623375803042;0,0644393848128045
"E_citriodora";46;288;5;9,358310654;14,0905081070608;0,048459781911946
"E_citriodora";46;288;6;6,111549815;10,4406042694065;0,0153139855425627
"E_citriodora";46;288;7;7,925916166;12,7243121900394;0,0313901326130657
"E_citriodora";46;288;8;9,549296586;14,2504421543694;0,05103063698274
"E_citriodora";46;288;9;16,20197321;17,8833748580986;0,184350867312983
"E_citriodora";46;288;10;4,997465213;8,61119272249575;0,00844544920420357
"E_citriodora";46;288;11;9,262817688;14,0087702323286;0,047200449058121
"E_citriodora";46;288;12;10,21774735;14,7754670963632;0,0605775109155143
"E_citriodora";46;288;13;15,24704355;17,5219896185195;0,159961175123081
"E_citriodora";46;288;14;10,72704316;15,1425331950589;0,0684255782276465
"E_citriodora";46;288;15;6,557183655;11,072111752359;0,0186949815776915
"E_citriodora";46;288;16;;;
"E_citriodora";46;288;17;13,71915609;16,8589480037892;0,124607777940638
"E_citriodora";46;288;18;7,703099246;12,4814177212719;0,0290840438312465
"E_citriodora";46;288;19;10,56788822;15,0306744436038;0,0659196322592341
"E_citriodora";46;288;20;;;
"E_citriodora";46;288;21;8,180564075;12,9909869993657;0,0341403944969088
"E_citriodora";46;288;22;7,894085177;12,6901710150853;0,0310549601787634
"E_citriodora";46;288;23;;;
"E_citriodora";46;288;24;10,47239526;14,9623375803042;0,0644393848128045
"E_citriodora";46;288;25;12,00028271;15,9545367727989;0,0902250310331941
"E_citriodora";46;288;26;11,07718404;15,3800225469181;0,0741097930322088
"E_citriodora";46;288;27;8,880845825;13,6694197732263;0,0423368583234774
"E_citriodora";46;288;28;12,66873347;16,3293453975758;0,102918881978342
"E_citriodora";46;288;29;7,8304232;12,6213361278787;0,0303903489929818
"E_citriodora";46;288;30;13,11436731;16,5623017576827;0,111860115999308
"E_citriodora";46;288;31;7,352958371;12,080516121146;0,0256489499056695
"E_citriodora";46;288;32;11,49098689;15,6463560420356;0,0811311725513623
"E_citriodora";46;288;33;11,4591559;15,6263940078401;0,0805793782724008
"E_citriodora";46;288;34;;;
"E_citriodora";46;288;35;6,875493542;11,4927510836783;0,0213349506823585
"E_citriodora";46;288;36;12,41408556;16,1903072332027;0,0979815813681695
"E_citriodora";46;288;37;5,634084985;9,70335223631471;0,0120956293384839
"E_citriodora";46;288;38;;;
"E_citriodora";46;288;39;9,071831756;13,8416272871554;0,0447339256036071
"E_citriodora";46;288;40;;;
"E_citriodora";46;288;41;11,52281788;15,6662330783679;0,0816849156600589
"E_citriodora";46;288;42;5,729577951;9,85613436844661;0,0127060852852141
"E_citriodora";46;288;43;5,665915974;9,75458537983462;0,0122972770997907
"E_citriodora";46;288;44;13,33718423;16,6741032676914;0,116474451260851
"E_citriodora";46;288;45;;;
"E_citriodora";46;288;46;5,092958179;8,7835196431412;0,00894681964149289
"E_citriodora";46;288;47;;;
"E_citriodora";46;288;48;12,54140952;16,2603834932602;0,100434603242958
"E_dunnii";46;288;1;14,06929697;17,3060699656161;0,13452504135221
"E_dunnii";46;288;2;13,40084621;17,3432972380861;0,122308319596502
"E_dunnii";46;288;3;15,08788861;17,2558128447849;0,154259615930673
"E_dunnii";46;288;4;;;
"E_dunnii";46;288;5;15,50169146;17,2373193160469;0,162662629960119
"E_dunnii";46;288;6;;;
"E_dunnii";46;288;7;14,64225476;17,2769221501225;0,145459529920448
"E_dunnii";46;288;8;;;
"E_dunnii";46;288;9;13,46450819;17,3395889460469;0,123446753552756
"E_dunnii";46;288;10;11,65014183;17,4615711558149;0,0930691245624305
"E_dunnii";46;288;11;14,92873366;17,2632042736565;0,151087047753919
"E_dunnii";46;288;12;12,79605742;17,3804099358665;0,111756363529976
"E_dunnii";46;288;13;14,00563499;17,3094590094702;0,133336480598687
"E_dunnii";46;288;14;13,4326772;17,3414385992333;0,122876877010802
"E_dunnii";46;288;15;11,96845172;17,4374279394748;0,0980885367706698
"E_dunnii";46;288;16;13,62366313;17,3304732125841;0,126315922990844
"E_dunnii";46;288;17;12,92338138;17,3723013007816;0,113938254151093
"E_dunnii";46;288;18;14,03746598;17,3077605621387;0,133930101412927
"E_dunnii";46;288;19;14,89690267;17,2647018973918;0,150456491483972
"E_dunnii";46;288;20;14,99239564;17,2602284897918;0,152352117659508
"E_dunnii";46;288;21;13,4326772;17,3414385992333;0,122876877010802
"E_dunnii";46;288;22;14,67408575;17,275370944803;0,146079533211751
"E_dunnii";46;288;23;;;
"E_dunnii";46;288;24;;;
"E_dunnii";46;288;25;15,27887454;17,2471504254674;0,158110228546822
"E_dunnii";46;288;26;;;
"E_dunnii";46;288;27;12,8597194;17,3763350744716;0,112844670579316
"E_dunnii";46;288;28;;;
"E_dunnii";46;288;29;;;
"E_dunnii";46;288;30;15,56535343;17,2345631316244;0,163975188013508
"E_dunnii";46;288;31;;;
"E_dunnii";46;288;32;13,68732511;17,3268875912395;0,12747282472623
"E_dunnii";46;288;33;13,59183214;17,3322788999708;0,125739450813248
"E_dunnii";46;288;34;13,62366313;17,3304732125841;0,126315922990844
"E_dunnii";46;288;35;13,973804;17,311165362416;0,132744178909614
"E_dunnii";46;288;36;13,01887434;17,3663263313407;0,115588522811793
"E_dunnii";46;288;37;;;
"E_dunnii";46;288;38;13,4326772;17,3414385992333;0,122876877010802
"E_dunnii";46;288;39;12,79605742;17,3804099358665;0,111756363529976
"E_dunnii";46;288;40;12,12760666;17,4258434621212;0,100647710422123
"E_dunnii";46;288;41;13,08253632;17,3623925991018;0,116695297682686
"E_dunnii";46;288;42;13,1461983;17,3584978441127;0,117807349071169
"E_dunnii";46;288;43;15,11971959;17,2543536067752;0,154898086729967
"E_dunnii";46;288;44;;;
"E_dunnii";46;288;45;10,82253613;17,5311764002807;0,0806360107453582
"E_dunnii";46;288;46;14,35577587;17,2911990865226;0,139938861221526
"E_dunnii";46;288;47;13,08253632;17,3623925991018;0,116695297682686
"E_dunnii";46;288;48;;;
"E_paniculata";46;288;1;9,835775483;14,054753008034;0,0533949663399665
"E_paniculata";46;288;2;8,212395064;12,6377065896979;0,0334709331495161
"E_paniculata";46;288;3;6,302535746;10,3974646165823;0,0162187721212807
"E_paniculata";46;288;4;7,193803428;11,5364598495994;0,0234449643974845
"E_paniculata";46;288;5;;;
"E_paniculata";46;288;6;6,366197724;10,485069325042;0,0166875061191159
"E_paniculata";46;288;7;10,15408537;14,2936336136995;0,0578740869186523
"E_paniculata";46;288;8;12,50957853;15,7662868297854;0,096889042606703
"E_paniculata";46;288;9;11,49098689;15,1864438914265;0,0787463864740616
"E_paniculata";46;288;10;10,12225438;14,2702446339709;0,0574177008806724
"E_paniculata";46;288;11;11,71380381;15,3199629585097;0,0825493186063084
"E_paniculata";46;288;12;6,970986507;11,2685627563887;0,0215038834552475
"E_paniculata";46;288;13;8,626197916;13,0341573130422;0,0380874309972353
"E_paniculata";46;288;14;10,24957834;14,3631541894119;0,0592545503429587
"E_paniculata";46;288;15;10,85436712;14,7820368012585;0,0683916651193543
"E_paniculata";46;288;16;9,549296586;13,8298836217012;0,0495246226725803
"E_paniculata";46;288;17;8,721690881;13,1219350975852;0,0391975706240174
"E_paniculata";46;288;18;12,25493062;15,6284065526024;0,0921714245535572
"E_paniculata";46;288;19;8,817183847;13,2083835980163;0,0403245334761672
"E_paniculata";46;288;20;8,339719018;12,7625557663894;0,0348578322615982
"E_paniculata";46;288;21;10,47239526;14,521688732058;0,0625416104478664
"E_paniculata";46;288;22;9,740282517;13,9808669505116;0,0520879296772455
"E_paniculata";46;288;23;6,780000576;11,0303273868333;0,0199116729329755
"E_paniculata";46;288;24;4,329014452;7,09268261037097;0,00521973533891661
"E_paniculata";46;288;25;10,21774735;14,340087675858;0,0587925114007081
"E_paniculata";46;288;26;7,925916166;12,3469766968838;0,0304592680607921
"E_paniculata";46;288;27;12,60507149;15,8168577054684;0,0986894479291369
"E_paniculata";46;288;28;8,75352187;13,1508975583027;0,0395713551014439
"E_paniculata";46;288;29;6,620845633;10,825450672006;0,0186351458308835
"E_paniculata";46;288;30;12,3185926;15,6632964204489;0,0933394500039212
"E_paniculata";46;288;31;10,88619811;14,803108772081;0,0688914432158733
"E_paniculata";46;288;32;6,366197724;10,485069325042;0,0166875061191159
"E_paniculata";46;288;32;4,360845441;7,15620555412892;0,00534421696545159
"E_paniculata";46;288;33;8,97633879;13,3495865899393;0,0422402202062502
"E_paniculata";46;288;34;9,67662054;13,9310203310437;0,051225975041911
"E_paniculata";46;288;35;18,62112834;18,1126703380808;0,246634799955705
"E_paniculata";46;288;36;5,347606088;8,95073314840327;0,0100516489662687
"E_paniculata";46;288;37;11,80929678;15,3759892864501;0,0842075491503965
"E_paniculata";46;288;38;10,31324031;14,4089697077629;0,0601842827086042
"E_paniculata";46;288;39;9,708451529;13,9560031023918;0,0516560122467659
"E_paniculata";46;288;40;6,716338598;10,9490828840092;0,019395581030078
"E_paniculata";46;288;41;8,339719018;12,7625557663894;0,0348578322615982
"E_paniculata";46;288;42;9,45380362;13,7527417795215;0,0482683360592297
"E_paniculata";46;288;43;7,798592212;12,2132143161784;0,0291690501545603
"E_paniculata";46;288;44;11,71380381;15,3199629585097;0,0825493186063084
"E_paniculata";46;288;45;10,02676141;14,1994211871593;0,0560598445321969
"E_paniculata";46;288;46;;;
"E_paniculata";46;288;47;10,12225438;14,2702446339709;0,0574177008806724
"E_paniculata";46;288;48;7,60760628;12,0070715832367;0,02728934061358
"E_urophylla_grandis";46;288;1;14,70591674;20,2445319705445;0,171930066903706
"E_urophylla_grandis";46;288;2;12,47774754;18,7724748367347;0,114776718854427
"E_urophylla_grandis";46;288;3;12,98704336;19,1428842569253;0,126790828655012
"E_urophylla_grandis";46;288;4;14,29211389;19,9982432928201;0,160414887082242
"E_urophylla_grandis";46;288;5;8,371550007;14,7022555494997;0,040462769458284
"E_urophylla_grandis";46;288;6;3,787887646;5,98549040397545;0,00337251431739255
"E_urophylla_grandis";46;288;7;12,79605742;19,0065959041997;0,122212769961987
"E_urophylla_grandis";46;288;8;10,75887415;17,3360643062844;0,0788032356468578
"E_urophylla_grandis";46;288;9;14,51493081;20,1322314616763;0,166564229628987
"E_urophylla_grandis";46;288;10;10,09042339;16,6849687805218;0,0667120156871965
"E_urophylla_grandis";46;288;11;;;
"E_urophylla_grandis";46;288;12;;;
"E_urophylla_grandis";46;288;13;11,36366294;17,8775056678164;0,0906574495961762
"E_urophylla_grandis";46;288;14;;;
"E_urophylla_grandis";46;288;15;15,59718442;20,7395499558488;0,198130633549439
"E_urophylla_grandis";46;288;16;;;
"E_urophylla_grandis";46;288;17;11,17267701;17,7110914113761;0,0868199833455763
"E_urophylla_grandis";46;288;18;10,31324031;16,9085574852716;0,0706247167235016
"E_urophylla_grandis";46;288;19;13,30535324;19,3633784118695;0,13461511808776
"E_urophylla_grandis";46;288;20;8,403380995;14,7436719336704;0,0408859085316674
"E_urophylla_grandis";46;288;21;16,29746617;21,0978256700286;0,22005830404018
"E_urophylla_grandis";46;288;22;9,740282517;16,3194803437568;0,0608008035212501
"E_urophylla_grandis";46;288;23;18,43014241;22,0500114846899;0,294121036493186
"E_urophylla_grandis";46;288;24;10,75887415;17,3360643062844;0,0788032356468578
"E_urophylla_grandis";46;288;25;13,973804;19,8010609678083;0,151837009507029
"E_urophylla_grandis";46;288;26;12,35042358;18,6762946254373;0,111870172485971
"E_urophylla_grandis";46;288;27;6,748169587;12,2968827771938;0,0219900843482563
"E_urophylla_grandis";46;288;28;12,79605742;19,0065959041997;0,122212769961987
"E_urophylla_grandis";46;288;29;10,85436712;17,4244215193648;0,0806171177539897
"E_urophylla_grandis";46;288;30;12,79605742;19,0065959041997;0,122212769961987
"E_urophylla_grandis";46;288;31;;;
"E_urophylla_grandis";46;288;32;12,06394469;18,4543697303814;0,105472144877291
"E_urophylla_grandis";46;288;33;11,07718404;17,6263343478917;0,0849338150483091
"E_urophylla_grandis";46;288;34;11,71380381;18,1722710358248;0,0979185521269973
"E_urophylla_grandis";46;288;35;12,28676161;18,6276458076211;0,110431436467198
"E_urophylla_grandis";46;288;36;12,41408556;18,7245695930205;0,113318599377781
"E_urophylla_grandis";46;288;37;11,07718404;17,6263343478917;0,0849338150483091
"E_urophylla_grandis";46;288;38;13,36901522;19,4065110218244;0,136209119142242
"E_urophylla_grandis";46;288;39;15,6608464;20,7731822867632;0,200075254471704
"E_urophylla_grandis";46;288;40;9,326479665;15,8637977172471;0,0541879279215952
"E_urophylla_grandis";46;288;41;14,89690267;20,3545554915824;0,17738360170829
"E_urophylla_grandis";46;288;42;;;
"E_urophylla_grandis";46;288;43;6,557183655;11,9712964068264;0,0202132321992704
"E_urophylla_grandis";46;288;44;11,4591559;17,9591986470916;0,092608765690096
"E_urophylla_grandis";46;288;45;12,54140952;18,8200144331837;0,116244532818492
"E_urophylla_grandis";46;288;46;5,347606088;9,66057290835976;0,0108487970848735
"E_urophylla_grandis";46;288;47;10,53605723;17,1254975487147;0,0746550731933294
"E_urophylla_grandis";46;288;48;12,38225457;18,7004785817329;0,112593174479019
"E_camaldulensis";60;600;1;8,75352187;11,4459507341821;0,0344411306504322
"E_camaldulensis";60;600;2;16,71126902;15,545435430003;0,170483219439454
"E_camaldulensis";60;600;3;17,18873385;15,691529710808;0,182059331289882
"E_camaldulensis";60;600;4;10,21774735;12,5505116548074;0,0514554803449509
"E_camaldulensis";60;600;5;13,84648005;14,4992344757078;0,109165077501736
"E_camaldulensis";60;600;6;5,729577951;8,15263175607319;0,010510006308684
"E_camaldulensis";60;600;7;13,36901522;14,2903004899333;0,10029980349496
"E_camaldulensis";60;600;8;8,594366927;11,310493509956;0,0328072043307733
"E_camaldulensis";60;600;9;12,41408556;13,8350022467794;0,0837275895291007
"E_camaldulensis";60;600;10;6,748169587;9,45546542485332;0,0169088773156537
"E_camaldulensis";60;600;11;10,50422624;12,7404488567297;0,0552042798196093
"E_camaldulensis";60;600;12;14,48309982;14,7605822124345;0,121586798039465
"E_camaldulensis";60;600;13;6,557183655;9,22856942469598;0,0155822068311747
"E_camaldulensis";60;600;14;14,00563499;14,5663519696595;0,112206054835887
"E_camaldulensis";60;600;15;8,05324012;10,8236529880736;0,027566081937952
"E_camaldulensis";60;600;16;;;
"E_camaldulensis";60;600;17;16,71126902;15,545435430003;0,170483219439454
"E_camaldulensis";60;600;18;6,302535746;8,91405289408937;0,0139048314081978
"E_camaldulensis";60;600;19;;;
"E_camaldulensis";60;600;20;13,36901522;14,2903004899333;0,10029980349496
"E_camaldulensis";60;600;21;10,82253613;12,9427867626803;0,0595313553774779
"E_camaldulensis";60;600;22;5,825070917;8,28496100474673;0,0110395860343066
"E_camaldulensis";60;600;23;;;
"E_camaldulensis";60;600;24;14,00563499;14,5663519696595;0,112206054835887
"E_camaldulensis";60;600;25;8,467042972;11,1996732542599;0,0315303481413088
"E_camaldulensis";60;600;26;11,77746579;13,5001198615504;0,0735362049290093
"E_camaldulensis";60;600;27;7,130141451;9,88745833358845;0,0197397134239567
"E_camaldulensis";60;600;28;;;
"E_camaldulensis";60;600;29;;;
"E_camaldulensis";60;600;30;8,912676813;11,5781063780859;0,0361171720884526
"E_camaldulensis";60;600;31;7,161972439;9,922201979486;0,0199863385621671
"E_camaldulensis";60;600;32;9,612958563;12,1230865573068;0,0439933700971142
"E_camaldulensis";60;600;33;13,973804;14,5530261405529;0,111594422745912
"E_camaldulensis";60;600;34;16,774931;15,5653146743164;0,172004288703359
"E_camaldulensis";60;600;35;;;
"E_camaldulensis";60;600;36;7,002817496;9,74658752920137;0,018769732760725
"E_camaldulensis";60;600;37;9,963099438;12,3750798722573;0,0482388367063083
"E_camaldulensis";60;600;38;16,07464925;15,3394915896286;0,155651697756891
"E_camaldulensis";60;600;39;;;
"E_camaldulensis";60;600;40;22,21803006;16,8985771564792;0,327582825656015
"E_camaldulensis";60;600;41;7,066479473;9,8174048150568;0,0192514208642719
"E_camaldulensis";60;600;42;11,4591559;13,3221223882808;0,0686971247990998
"E_camaldulensis";60;600;43;10,98169107;13,0406898845849;0,0617588069062172
"E_camaldulensis";60;600;44;8,785352859;11,4726423791243;0,0347729679776707
"E_camaldulensis";60;600;45;13,36901522;14,2903004899333;0,10029980349496
"E_camaldulensis";60;600;46;13,30535324;14,2615485014761;0,0991469564249022
"E_camaldulensis";60;600;47;11,61831085;13,4120450254932;0,0710952969109332
"E_camaldulensis";60;600;48;8,085071109;10,8534708503172;0,0278609690441214
"E_camaldulensis";60;600;49;11,77746579;13,5001198615504;0,0735362049290093
"E_camaldulensis";60;600;50;10,98169107;13,0406898845849;0,0617588069062172
"E_camaldulensis";60;600;51;11,55464887;13,3763008308633;0,0701309009076288
"E_camaldulensis";60;600;52;12,73239545;13,9926824549236;0,0890801832297109
"E_camaldulensis";60;600;53;12,47774754;13,8670369155271;0,0847843990331463
"E_camaldulensis";60;600;54;13,36901522;14,2903004899333;0,10029980349496
"E_camaldulensis";60;600;55;9,485634608;12,0282001121968;0,0425004289416948
"E_camaldulensis";60;600;56;5,252113122;7,4562497376084;0,00807697008680914
"E_camaldulensis";60;600;57;9,549296586;12,075866427924;0,0432435112721394
"E_camaldulensis";60;600;58;18,55746636;16,0750468749783;0,217394973151104
"E_camaldulensis";60;600;59;19,03493119;16,1977868071273;0,230472008538811
"E_camaldulensis";60;600;60;10,18591636;12,5289296338623;0,0510474517429566
"E_camaldulensis";60;600;61;12,98704336;14,1144729406809;0,0934856887895702
"E_camaldulensis";60;600;62;;;
"E_camaldulensis";60;600;63;;;
"E_camaldulensis";60;600;64;15,27887454;15,0623355192334;0,138081320835373
"E_camaldulensis";60;600;65;6,047887837;8,58515002125175;0,0123314807921796
"E_camaldulensis";60;600;66;14,80140971;14,8844374060607;0,128055569024639
"E_camaldulensis";60;600;67;;;
"E_camaldulensis";60;600;68;7,193803428;9,95675862957072;0,0202346174327246
"E_camaldulensis";60;600;69;12,41408556;13,8350022467794;0,0837275895291007
"E_camaldulensis";60;600;70;5,092958179;7,21072491911634;0,00734478409075213
"E_camaldulensis";60;600;71;;;
"E_camaldulensis";60;600;72;16,71126902;15,545435430003;0,170483219439454
"E_camaldulensis";60;600;73;12,98704336;14,1144729406809;0,0934856887895702
"E_camaldulensis";60;600;74;14,00563499;14,5663519696595;0,112206054835887
"E_camaldulensis";60;600;75;13,05070533;14,1443383867965;0,0946042160659895
"E_camaldulensis";60;600;76;;;
"E_camaldulensis";60;600;77;12,41408556;13,8350022467794;0,0837275895291007
"E_camaldulensis";60;600;78;10,98169107;13,0406898845849;0,0617588069062172
"E_camaldulensis";60;600;79;9,708451529;12,1930929929883;0,0451308699454083
"E_camaldulensis";60;600;80;16,39295914;15,4441197633739;0,16298129311606
"E_camaldulensis";60;600;81;;;
"E_camaldulensis";60;600;82;14,96056465;14,9447613228594;0,131354464914703
"E_camaldulensis";60;600;83;;;
"E_camaldulensis";60;600;84;12,73239545;13,9926824549236;0,0890801832297109
"E_camaldulensis";60;600;85;;;
"E_camaldulensis";60;600;86;9,071831756;11,7070712941754;0,0378353820287985
"E_camaldulensis";60;600;87;4,933803236;6,95823749720387;0,00665154884456259
"E_camaldulensis";60;600;88;11,61831085;13,4120450254932;0,0710952969109332
"E_camaldulensis";60;600;89;10,3450713;12,6358737598566;0,0531045998320576
"E_camaldulensis";60;600;90;19,09859317;16,2137568695151;0,232244959643627
"E_camaldulensis";60;600;91;;;
"E_camaldulensis";60;600;92;6,366197724;8,99400127645572;0,0143143976146853
"E_camaldulensis";60;600;93;14,64225476;14,8230535811483;0,124799682904409
"E_camaldulensis";60;600;94;;;
"E_camaldulensis";60;600;95;17,3478888;15,7387313166788;0,186004249532586
"E_camaldulensis";60;600;96;9,931268449;12,3526970224527;0,0478444005779815
"E_camaldulensis";60;600;97;10,18591636;12,5289296338623;0,0510474517429566
"E_camaldulensis";60;600;98;6,366197724;8,99400127645572;0,0143143976146853
"E_camaldulensis";60;600;99;8,435211984;11,1716193904634;0,031215336384514
"E_camaldulensis";60;600;100;;;
"E_citriodora";60;600;1;5,76140894;10,4008268093264;0,013557672997471
"E_citriodora";60;600;2;7,957747155;13,3702119168074;0,0332489893275435
"E_citriodora";60;600;3;6,68450761;11,7934457665181;0,0206937617187179
"E_citriodora";60;600;4;7,034648485;12,2629270824929;0,0238308116191181
"E_citriodora";60;600;5;10,82253613;15,9174646344339;0,0732136178425836
"E_citriodora";60;600;6;8,594366927;14,0388583745386;0,0407210962862811
"E_citriodora";60;600;7;7,002817496;12,2214568936751;0,0235357738443045
"E_citriodora";60;600;8;13,20986028;17,3737582670489;0,119055676889369
"E_citriodora";60;600;9;;;
"E_citriodora";60;600;10;;;
"E_citriodora";60;600;11;8,276057041;13,713319962665;0,0368849709265493
"E_citriodora";60;600;12;14,80140971;18,1312089596018;0,155988581703535
"E_citriodora";60;600;13;6,302535746;11,2459899938491;0,0175423678477875
"E_citriodora";60;600;14;9,867606472;15,1884991291682;0,0580762262707221
"E_citriodora";60;600;15;11,07718404;16,0957100133543;0,0775583868071224
"E_citriodora";60;600;16;12,22309963;16,8259484583364;0,0987193173046163
"E_citriodora";60;600;17;10,28140932;15,5167740809084;0,0644119758835
"E_citriodora";60;600;18;12,15943765;16,7882069160279;0,0974745366144255
"E_citriodora";60;600;19;;;
"E_citriodora";60;600;20;;;
"E_citriodora";60;600;21;12,09577567;16,7501540913897;0,0962379004658521
"E_citriodora";60;600;22;9,390141642;14,7836794225856;0,0511901861371503
"E_citriodora";60;600;23;11,14084602;16,1392985658599;0,0786648801096487
"E_citriodora";60;600;24;9,644789551;15,0032149946947;0,0548062048945389
"E_citriodora";60;600;25;5,252113122;9,52241528564399;0,0103151404691268
"E_citriodora";60;600;26;18,4619734;19,450300286109;0,260340921734411
"E_citriodora";60;600;27;10,53605723;15,709186000389;0,068480955214915
"E_citriodora";60;600;28;8,148733086;13,5782577152;0,0354065913247818
"E_citriodora";60;600;29;10,50422624;15,6855171818386;0,0679652412060916
"E_citriodora";60;600;30;8,05324012;13,4750667914278;0,0343188012126012
"E_citriodora";60;600;31;6,366197724;11,3399260268283;0,0180480528164998
"E_citriodora";60;600;32;;;
"E_citriodora";60;600;33;8,626197916;14,0704942462727;0,0411157365858758
"E_citriodora";60;600;34;16,61577606;18,8461921770265;0,204326531005002
"E_citriodora";60;600;35;;;
"E_citriodora";60;600;36;;;
"E_citriodora";60;600;37;12,0321137;16,7117862226632;0,095009407919444
"E_citriodora";60;600;38;17,72986066;19,2235648261867;0,237303671302298
"E_citriodora";60;600;39;;;
"E_citriodora";60;600;40;7,257465405;12,5467419480702;0,025951400505605
"E_citriodora";60;600;41;13,75098708;17,6472213663413;0,131040024993568
"E_citriodora";60;600;42;;;
"E_citriodora";60;600;43;10,6315502;15,7795521103628;0,0700402594244726
"E_citriodora";60;600;44;;;
"E_citriodora";60;600;45;8,403380995;13,8455722931044;0,0383953742928631
"E_citriodora";60;600;46;8,658028904;14,101968005436;0,0415123838411236
"E_citriodora";60;600;47;;;
"E_citriodora";60;600;48;11,71380381;16,5150850460557;0,0889890544102046
"E_citriodora";60;600;49;11,68197282;16,4949573363628;0,0883982088280332
"E_citriodora";60;600;50;9,517465597;14,8945112224033;0,0529820518066613
"E_citriodora";60;600;51;13,05070533;17,2898753541157;0,115643097543657
"E_citriodora";60;600;52;5,98422586;10,7592528608475;0,0151306628123328
"E_citriodora";60;600;53;14,35577587;17,9329502966835;0,145132597820594
"E_citriodora";60;600;54;8,244226052;13,679821050394;0,0365123751322935
"E_citriodora";60;600;55;14,06929697;17,8000965078304;0,13836525124114
"E_citriodora";60;600;56;9,612958563;14,9762353538105;0,054347138533344
"E_citriodora";60;600;57;12,5732405;17,0281257309022;0,105711243003128
"E_citriodora";60;600;58;13,84648005;17,693682292781;0,133216150274599
"E_citriodora";60;600;59;14,06929697;17,8000965078304;0,13836525124114
"E_citriodora";60;600;60;12,41408556;16,9373422027159;0,10250253743132
"E_citriodora";60;600;61;15,91549431;18,5863636238787;0,18488197782156
"E_citriodora";60;600;62;6,366197724;11,3399260268283;0,0180480528164998
"E_citriodora";60;600;63;14,00563499;17,7699732542658;0,136883867529325
"E_citriodora";60;600;64;7,798592212;13,1916543944093;0,0315058770517469
"E_citriodora";60;600;65;;;
"E_citriodora";60;600;66;13,36901522;17,4560364916243;0,122519259209709
"E_citriodora";60;600;67;13,24169127;17,3903408330009;0,119744312726143
"E_citriodora";60;600;68;7,798592212;13,1916543944093;0,0315058770517469
"E_citriodora";60;600;69;8,594366927;14,0388583745386;0,0407210962862811
"E_citriodora";60;600;70;9,549296586;14,9218843724277;0,0534350623130877
"E_citriodora";60;600;71;;;
"E_citriodora";60;600;72;10,98169107;16,0296053774689;0,0759138751133235
"E_citriodora";60;600;73;5,98422586;10,7592528608475;0,0151306628123328
"E_citriodora";60;600;74;12,41408556;16,9373422027159;0,10250253743132
"E_citriodora";60;600;75;;;
"E_citriodora";60;600;76;10,02676141;15,3171276624757;0,0604725913908879
"E_citriodora";60;600;77;;;
"E_citriodora";60;600;78;6,047887837;10,8589302958796;0,0155974782078103
"E_citriodora";60;600;79;7,321127382;12,6258016514266;0,0265750918787888
"E_citriodora";60;600;80;;;
"E_citriodora";60;600;81;;;
"E_citriodora";60;600;82;14,10112796;17,8150751082251;0,139109007016697
"E_citriodora";60;600;83;14,00563499;17,7699732542658;0,136883867529325
"E_citriodora";60;600;84;;;
"E_citriodora";60;600;85;5,092958179;9,22996671578867;0,0094015668955243
"E_citriodora";60;600;86;;;
"E_citriodora";60;600;87;15,27887454;18,3330092271126;0,168064648787987
"E_citriodora";60;600;88;5,729577951;10,3483808886199;0,0133406673670792
"E_citriodora";60;600;89;11,4591559;16,3516463829107;0,0843192292862978
"E_citriodora";60;600;90;8,085071109;13,5096468352166;0,0346793995638715
"E_citriodora";60;600;91;;;
"E_citriodora";60;600;92;;;
"E_citriodora";60;600;93;8,912676813;14,3480597870679;0,0447578669207743
"E_citriodora";60;600;94;;;
"E_citriodora";60;600;95;10,18591636;15,4427752724651;0,0629195269297298
"E_citriodora";60;600;96;4,774648293;8,6178071806769;0,00771506219000952
"E_citriodora";60;600;97;9,612958563;14,9762353538105;0,054347138533344
"E_citriodora";60;600;98;8,594366927;14,0388583745386;0,0407210962862811
"E_citriodora";60;600;99;10,3450713;15,5655403263197;0,0654170661964845
"E_citriodora";60;600;100;11,93662073;16,6536353042929;0,0931819351741741
"E_dunnii";60;600;1;;;
"E_dunnii";60;600;2;17,57070572;17,9859290440185;0,218057571802889
"E_dunnii";60;600;3;14,32394488;18,2848417614487;0,147324974378701
"E_dunnii";60;600;4;19,51239602;17,8562494493558;0,266975453897523
"E_dunnii";60;600;5;;;
"E_dunnii";60;600;6;;;
"E_dunnii";60;600;7;13,84648005;18,3411701904502;0,138091101890074
"E_dunnii";60;600;8;11,7456348;18,6463972861285;0,101020102729454
"E_dunnii";60;600;9;10,82253613;18,820210517239;0,0865650235242449
"E_dunnii";60;600;10;12,89155039;18,4669665222333;0,120521838665959
"E_dunnii";60;600;11;11,10901503;18,7629993823694;0,0909312704043546
"E_dunnii";60;600;12;15,24704355;18,1863617999358;0,166026339934394
"E_dunnii";60;600;13;;;
"E_dunnii";60;600;14;16,55211408;18,0665952017508;0,194376224112478
"E_dunnii";60;600;15;;;
"E_dunnii";60;600;16;16,55211408;18,0665952017508;0,194376224112478
"E_dunnii";60;600;17;14,64225476;18,2494193031607;0,153647271782149
"E_dunnii";60;600;18;15,21521256;18,1895503949317;0,165362830693265
"E_dunnii";60;600;19;13,4326772;18,3933815442079;0,13033066829417
"E_dunnii";60;600;20;12,25493062;18,5622915965657;0,109474555430547
"E_dunnii";60;600;21;12,76422644;18,4852327847994;0,118269785689313
"E_dunnii";60;600;22;15,27887454;18,1831870462194;0,166691180204596
"E_dunnii";60;600;23;13,87831104;18,3372888278946;0,138697375925044
"E_dunnii";60;600;24;14,48309982;18,2669273183597;0,150469484922347
"E_dunnii";60;600;25;12,3185926;18,5522927070508;0,110555323164743
"E_dunnii";60;600;26;14,32394488;18,2848417614487;0,147324974378701
"E_dunnii";60;600;27;;;
"E_dunnii";60;600;28;15,59718442;18,1521813850614;0,173412788888039
"E_dunnii";60;600;29;;;
"E_dunnii";60;600;30;;;
"E_dunnii";60;600;31;16,07464925;18,108066696438;0,183744768066581
"E_dunnii";60;600;32;;;
"E_dunnii";60;600;33;12,00028271;18,6034045677291;0,105204731315553
"E_dunnii";60;600;34;13,68732511;18,3608604388297;0,135079698082943
"E_dunnii";60;600;35;14,67408575;18,2459652575778;0,154286822340369
"E_dunnii";60;600;36;12,73239545;18,4898592976873;0,117710100220991
"E_dunnii";60;600;37;13,24169127;18,4186328498924;0,126824801948688
"E_dunnii";60;600;38;15,08788861;18,2024450119616;0,162722104244021
"E_dunnii";60;600;39;15,75633937;18,1371673732363;0,176823506731151
"E_dunnii";60;600;40;;;
"E_dunnii";60;600;41;15,11971959;18,1992001382325;0,163380289153285
"E_dunnii";60;600;42;13,4326772;18,3933815442079;0,13033066829417
"E_dunnii";60;600;43;;;
"E_dunnii";60;600;44;;;
"E_dunnii";60;600;45;15,75633937;18,1371673732363;0,176823506731151
"E_dunnii";60;600;46;14,76957872;18,2356963126186;0,156213460289216
"E_dunnii";60;600;47;16,2338042;18,0939611405965;0,187255311807137
"E_dunnii";60;600;48;16,10648024;18,1052223993646;0,184444214800924
"E_dunnii";60;600;49;9,071831756;19,2539200636604;0,0622255902313484
"E_dunnii";60;600;50;14,64225476;18,2494193031607;0,153647271782149
"E_dunnii";60;600;51;9,390141642;19,1622146816084;0,0663513668223204
"E_dunnii";60;600;52;10,69521218;18,8466802979143;0,0846590827968646
"E_dunnii";60;600;53;17,12507188;18,0199956902742;0,207529277730888
"E_dunnii";60;600;54;;;
"E_dunnii";60;600;55;;;
"E_dunnii";60;600;56;13,52817016;18,3810358791051;0,132101571176399
"E_dunnii";60;600;57;;;
"E_dunnii";60;600;58;17,12507188;18,0199956902742;0,207529277730888
"E_dunnii";60;600;59;14,35577587;18,2812256810553;0,147951214414886
"E_dunnii";60;600;60;14,13295895;18,3068957732016;0,143595486622794
"E_dunnii";60;600;61;13,78281807;18,3489891922421;0,136882547052033
"E_dunnii";60;600;62;12,79605742;18,4806304398485;0,118830802111106
"E_dunnii";60;600;63;14,06929697;18,314386210482;0,142362972483091
"E_dunnii";60;600;64;15,08788861;18,2024450119616;0,162722104244021
"E_dunnii";60;600;65;15,18338157;18,1927529218733;0,164700652482102
"E_dunnii";60;600;66;14,32394488;18,2848417614487;0,147324974378701
"E_dunnii";60;600;67;15,02422663;18,2089777640631;0,1614097271133
"E_dunnii";60;600;68;;;
"E_dunnii";60;600;69;16,20197321;18,0967592078348;0,186550541046662
"E_dunnii";60;600;70;10,3450713;18,9230396237509;0,0795275788539426
"E_dunnii";60;600;71;9,708451529;19,0769175722488;0,0706102944025389
"E_dunnii";60;600;72;12,15943765;18,5774965620562;0,107863387549369
"E_dunnii";60;600;73;13,91014203;18,3334260447577;0,139304981035561
"E_dunnii";60;600;74;14,29211389;18,2884746691629;0,146700065400919
"E_dunnii";60;600;75;12,89155039;18,4669665222333;0,120521838665959
"E_dunnii";60;600;76;13,78281807;18,3489891922421;0,136882547052033
"E_dunnii";60;600;77;14,13295895;18,3068957732016;0,143595486622794
"E_dunnii";60;600;78;;;
"E_dunnii";60;600;79;16,17014222;18,0995687263408;0,185847101291669
"E_dunnii";60;600;80;14,80140971;18,232304046661;0,156858335026808
"E_dunnii";60;600;81;14,89690267;18,2222179603833;0,158800945285344
"E_dunnii";60;600;82;15,59718442;18,1521813850614;0,173412788888039
"E_dunnii";60;600;83;;;
"E_dunnii";60;600;84;14,19662092;18,2994755383363;0,144833324829572
"E_dunnii";60;600;85;15,59718442;18,1521813850614;0,173412788888039
"E_dunnii";60;600;86;11,14084602;18,7568346204163;0,0914230652980642
"E_dunnii";60;600;87;;;
"E_dunnii";60;600;88;16,17014222;18,0995687263408;0,185847101291669
"E_dunnii";60;600;89;9,89943746;19,0285419182222;0,0732295608348476
"E_dunnii";60;600;90;12,8597194;18,4714974936307;0,119956828689251
"E_dunnii";60;600;91;15,34253651;18,1768787048614;0,168024853618776
"E_dunnii";60;600;92;16,39295914;18,0801401497473;0,190799130444045
"E_dunnii";60;600;93;13,81464906;18,3450702667066;0,137486158931962
"E_dunnii";60;600;94;;;
"E_dunnii";60;600;95;19,98986085;17,8283432522848;0,279763089094602
"E_dunnii";60;600;96;7,257465405;19,9439397759134;0,0412515990945365
"E_dunnii";60;600;97;18,14366351;17,9446745040165;0,231977271866455
"E_dunnii";60;600;98;16,87042397;18,0403010156427;0,201630236452708
"E_dunnii";60;600;99;17,8890156;17,9626719530781;0,225737499402842
"E_dunnii";60;600;100;14,32394488;18,2848417614487;0,147324974378701
"E_paniculata";60;600;1;8,53070495;12,1724392477286;0,0347862283954169
"E_paniculata";60;600;2;8,276057041;11,8543290415182;0,0318848085832291
"E_paniculata";60;600;3;8,594366927;12,2502876842593;0,0355331702205995
"E_paniculata";60;600;4;9,644789551;13,4447413748417;0,0491131568003405
"E_paniculata";60;600;5;9,485634608;13,2741139515767;0,0469027395205109
"E_paniculata";60;600;6;;;
"E_paniculata";60;600;7;17,02957891;18,7031028619517;0,213000864785156
"E_paniculata";60;600;8;;;
"E_paniculata";60;600;9;9,994930426;13,8080972560022;0,0541693062693277
"E_paniculata";60;600;10;10,88619811;14,6639842087782;0,0682439784096443
"E_paniculata";60;600;11;8,435211984;12,0544180522902;0,0336820205979277
"E_paniculata";60;600;12;13,78281807;16,896920884193;0,126050189671642
"E_paniculata";60;600;13;7,002817496;10,0885241542612;0,0194282257003563
"E_paniculata";60;600;14;;;
"E_paniculata";60;600;15;8,05324012;11,5669083814708;0,0294590324138946
"E_paniculata";60;600;16;;;
"E_paniculata";60;600;17;8,912676813;12,6297967408074;0,0393978537969981
"E_paniculata";60;600;18;11,23633898;14,9754218898806;0,0742486594889992
"E_paniculata";60;600;19;9,549296586;13,3427851700282;0,0477803298293888
"E_paniculata";60;600;20;8,721690881;12,4040176678701;0,0370530226633549
"E_paniculata";60;600;21;5,888732894;8,27343544459313;0,0112665118968067
"E_paniculata";60;600;22;7,416620348;10,6962562262431;0,0231048833459554
"E_paniculata";60;600;23;7,639437268;11,0095870695387;0,02523211492794
"E_paniculata";60;600;24;13,46450819;16,6854729651768;0,118789867248435
"E_paniculata";60;600;25;11,33183195;15,0581070580587;0,0759329927192724
"E_paniculata";60;600;26;13,11436731;16,4443203696605;0,111063281601348
"E_paniculata";60;600;27;14,8332407;17,5464826760503;0,151607974605527
"E_paniculata";60;600;28;11,14084602;14,8917850278802;0,0725843492551094
"E_paniculata";60;600;29;10,40873328;14,2172752429681;0,0604883888766218
"E_paniculata";60;600;30;;;
"E_paniculata";60;600;31;12,70056446;16,1470920706269;0,102282245372872
"E_paniculata";60;600;32;6,843662553;9,84552285048895;0,0181082234376513
"E_paniculata";60;600;33;13,91014203;16,9795081745392;0,129017351065361
"E_paniculata";60;600;34;9,708451529;13,5120204680223;0,0500126783903546
"E_paniculata";60;600;35;10,88619811;14,6639842087782;0,0682439784096443
"E_paniculata";60;600;36;11,42732491;15,1398554349051;0,0776373611291959
"E_paniculata";60;600;37;11,96845172;15,586094084556;0,0876744648368218
"E_paniculata";60;600;38;9,167324722;12,9221243624943;0,0426460716460254
"E_paniculata";60;600;39;;;
"E_paniculata";60;600;40;14,19662092;17,1613199147782;0,135825259937873
"E_paniculata";60;600;41;9,867606472;13,6778400601766;0,0522999229531554
"E_paniculata";60;600;42;11,84112777;15,4836255025466;0,0852547684106287
"E_paniculata";60;600;43;;;
"E_paniculata";60;600;44;7,384789359;10,6507136646738;0,0228094503101923
"E_paniculata";60;600;45;11,10901503;14,8636919637221;0,0720340264163871
"E_paniculata";60;600;46;11,90478974;15,5350492854941;0,0864601490497046
"E_paniculata";60;600;47;8,912676813;12,6297967408074;0,0393978537969981
"E_paniculata";60;600;48;10,18591636;13,9995913710789;0,0570394667238595
"E_paniculata";60;600;49;10,82253613;14,6059249386006;0,0671810889014861
"E_paniculata";60;600;50;10,0585924;13,8724419563682;0,0551172094778744
"E_paniculata";60;600;51;13,36901522;16,6206124439743;0,116655640885287
"E_paniculata";60;600;52;11,4591559;15,1668992628642;0,0782099384098826
"E_paniculata";60;600;53;14,16478994;17,1413875356367;0,135059810554071
"E_paniculata";60;600;54;7,098310462;10,231823239013;0,0202452384018508
"E_paniculata";60;600;55;9,199155711;12,9579836170302;0,0430619063753055
"E_paniculata";60;600;56;14,8332407;17,5464826760503;0,151607974605527
"E_paniculata";60;600;57;8,912676813;12,6297967408074;0,0393978537969981
"E_paniculata";60;600;58;11,87295875;15,5093850097544;0,0858563419601963
"E_paniculata";60;600;59;11,14084602;14,8917850278802;0,0725843492551094
"E_paniculata";60;600;60;12,8597194;16,2630286030818;0,105614682122062
"E_paniculata";60;600;61;;;
"E_paniculata";60;600;62;;;
"E_paniculata";60;600;63;5,252113122;7,11302063928366;0,00770516773875895
"E_paniculata";60;600;64;21,58141028;20,4834998705573;0,374648235381998
"E_paniculata";60;600;65;10,69521218;14,4884421864251;0,0650819246291289
"E_paniculata";60;600;66;9,071831756;12,8136457105494;0,0414116535603162
"E_paniculata";60;600;67;6,780000576;9,74684471060112;0,0175947618959758
"E_paniculata";60;600;68;12,73239545;16,1704444469408;0,102944246671766
"E_paniculata";60;600;69;6,047887837;8,54938539125252;0,0122801094303766
"E_paniculata";60;600;70;11,87295875;15,5093850097544;0,0858563419601963
"E_paniculata";60;600;71;15,27887454;17,8016266432133;0,163193292087691
"E_paniculata";60;600;72;12,89155039;16,2859703757272;0,10628790016914
"E_paniculata";60;600;73;9,644789551;13,4447413748417;0,0491131568003405
"E_paniculata";60;600;74;13,05070533;16,3994739504833;0,109687659793855
"E_paniculata";60;600;75;6,843662553;9,84552285048895;0,0181082234376513
"E_paniculata";60;600;76;11,26816997;15,0030886150111;0,0748078785145797
"E_paniculata";60;600;77;12,41408556;15,9331178038095;0,0964251052222787
"E_paniculata";60;600;78;13,4326772;16,6639272485512;0,118076209613181
"E_paniculata";60;600;79;10,18591636;13,9995913710789;0,0570394667238595
"E_paniculata";60;600;80;8,467042972;12,0939260687249;0,0340479307462924
"E_paniculata";60;600;81;10,88619811;14,6639842087782;0,0682439784096443
"E_paniculata";60;600;82;21,77239621;20,5447170827795;0,382448100810754
"E_paniculata";60;600;83;8,849014836;12,5551702435248;0,0386075584947217
"E_paniculata";60;600;84;10,44056427;14,2478820213314;0,0609899304801136
"E_paniculata";60;600;85;;;
"E_paniculata";60;600;86;11,65014183;15,3270404270087;0,081692204094684
"E_paniculata";60;600;87;12,92338138;16,3088312591691;0,106963362466601
"E_paniculata";60;600;88;8,467042972;12,0939260687249;0,0340479307462924
"E_paniculata";60;600;89;14,89690267;17,5836364910061;0,153235906978851
"E_paniculata";60;600;90;5,856901906;8,21756507297752;0,0110697786842908
"E_paniculata";60;600;91;8,75352187;12,4420453423727;0,0374384023788899
"E_paniculata";60;600;92;;;
"E_paniculata";60;600;93;9,963099438;13,7757299832976;0,0536986585972858
"E_paniculata";60;600;94;14,64225476;17,4335675257253;0,146778373780565
"E_paniculata";60;600;95;5,634084985;7,82011253600179;0,00974809326891272
"E_paniculata";60;600;96;13,01887434;16,3769326016438;0,10900321757723
"E_paniculata";60;600;97;10,28140932;14,0936274221625;0,0585043247323109
"E_paniculata";60;600;98;13,973804;17,0203859374546;0,130514445948128
"E_paniculata";60;600;99;11,61831085;15,3006002021959;0,0811062527916468
"E_paniculata";60;600;100;12,70056446;16,1470920706269;0,102282245372872
"E_urophylla_grandis";60;600;1;15,97915629;22,2301083622805;0,222899530904834
"E_urophylla_grandis";60;600;2;11,77746579;19,4374965638302;0,105877558516771
"E_urophylla_grandis";60;600;3;18,1754945;23,2642671387299;0,301801735522503
"E_urophylla_grandis";60;600;4;5,029296202;9,79807369621279;0,00973228942896062
"E_urophylla_grandis";60;600;5;12,60507149;20,1000804904512;0,125414660982125
"E_urophylla_grandis";60;600;6;7,512113314;14,5461364930149;0,0322353065571177
"E_urophylla_grandis";60;600;7;9,994930426;17,7458847136815;0,0696172866002761
"E_urophylla_grandis";60;600;8;10,66338119;18,4278812541418;0,0822858500005446
"E_urophylla_grandis";60;600;9;11,96845172;19,5964966382714;0,110233670226556
"E_urophylla_grandis";60;600;10;9,612958563;17,3267177580369;0,062876784991536
"E_urophylla_grandis";60;600;11;10,66338119;18,4278812541418;0,0822858500005446
"E_urophylla_grandis";60;600;12;10,56788822;18,334225835595;0,0804079304208784
"E_urophylla_grandis";60;600;13;;;
"E_urophylla_grandis";60;600;14;9,040000768;16,653262814826;0,0534436555679337
"E_urophylla_grandis";60;600;15;15,6608464;22,0607377275913;0,212476242385543
"E_urophylla_grandis";60;600;16;15,05605762;21,7231179956295;0,193376895264996
"E_urophylla_grandis";60;600;17;13,05070533;20,4301562271625;0,136646823705846
"E_urophylla_grandis";60;600;18;16,96591693;22,7219875487718;0,256838944039683
"E_urophylla_grandis";60;600;19;9,549296586;17,254617305111;0,061788546799809
"E_urophylla_grandis";60;600;20;14,64225476;21,4793239224779;0,180840796388639
"E_urophylla_grandis";60;600;21;5,379437077;10,590980162226;0,0120356542772677
"E_urophylla_grandis";60;600;22;16,87042397;22,6764516413083;0,253446896611138
"E_urophylla_grandis";60;600;23;;;
"E_urophylla_grandis";60;600;24;;;
"E_urophylla_grandis";60;600;25;10,18591636;17,9471857468273;0,0731234131810366
"E_urophylla_grandis";60;600;26;16,87042397;22,6764516413083;0,253446896611138
"E_urophylla_grandis";60;600;27;11,30000096;19,0226851067688;0,0953868847399307
"E_urophylla_grandis";60;600;28;14,86507168;21,6119430877471;0,187537324724641
"E_urophylla_grandis";60;600;29;;;
"E_urophylla_grandis";60;600;30;19,09859317;23,639241686435;0,338607194844179
"E_urophylla_grandis";60;600;31;10,56788822;18,334225835595;0,0804079304208784
"E_urophylla_grandis";60;600;32;15,27887454;21,8500023766561;0,200306067048642
"E_urophylla_grandis";60;600;33;11,20450799;18,9366129361133;0,0933571895857621
"E_urophylla_grandis";60;600;34;11,61831085;19,3020328282361;0,102317264242674
"E_urophylla_grandis";60;600;35;;;
"E_urophylla_grandis";60;600;36;17,98450857;23,1826806028833;0,294456189582135
"E_urophylla_grandis";60;600;37;;;
"E_urophylla_grandis";60;600;38;11,65014183;19,3293453079459;0,103024248512504
"E_urophylla_grandis";60;600;39;16,4884521;22,4899923084268;0,24010929162428
"E_urophylla_grandis";60;600;40;12,54140952;20,0514693611916;0,123850791745738
"E_urophylla_grandis";60;600;41;10,3450713;18,110917010518;0,0761144831543548
"E_urophylla_grandis";60;600;42;12,0321137;19,6486558723111;0,111706022083359
"E_urophylla_grandis";60;600;43;11,84112777;19,4909218561793;0,107319440701076
"E_urophylla_grandis";60;600;44;20,62648062;24,1970017767996;0,404270180358816
"E_urophylla_grandis";60;600;45;10,88619811;18,6417937495203;0,0867561061200363
"E_urophylla_grandis";60;600;46;18,20732549;23,2777259876311;0,303034970617319
"E_urophylla_grandis";60;600;47;9,167324722;16,8078171163607;0,0554697782539567
"E_urophylla_grandis";60;600;48;14,73774773;21,5365515881657;0,183695402948492
"E_urophylla_grandis";60;600;49;8,562535938;16,0469229138205;0,0462015415790318
"E_urophylla_grandis";60;600;50;11,58647986;19,2746091826137;0,101612816377715
"E_urophylla_grandis";60;600;51;18,71662131;23,4878448384445;0,323115626504778
"E_urophylla_grandis";60;600;52;11,71380381;19,3836393971242;0,104445828536041
"E_urophylla_grandis";60;600;53;14,32394488;21,2842068559163;0,171491515793703
"E_urophylla_grandis";60;600;54;11,23633898;18,9654227314162;0,0940312216112845
"E_urophylla_grandis";60;600;55;13,36901522;20,6555011686943;0,144975447491071
"E_urophylla_grandis";60;600;56;6,843662553;13,4522414617973;0,0247418240581672
"E_urophylla_grandis";60;600;57;14,32394488;21,2842068559163;0,171491515793703
"E_urophylla_grandis";60;600;58;15,62901541;22,0434940960578;0,211447989326162
"E_urophylla_grandis";60;600;59;7,352958371;14,2962964077115;0,0303534208903658
"E_urophylla_grandis";60;600;60;12,00028271;19,6226281013794;0,110968576186947
"E_urophylla_grandis";60;600;61;9,803944494;17,5391319549772;0,066201780318311
"E_urophylla_grandis";60;600;62;15,97915629;22,2301083622805;0,222899530904834
"E_urophylla_grandis";60;600;63;14,10112796;21,1434969071515;0,165098987332166
"E_urophylla_grandis";60;600;64;9,262817688;16,9218529355825;0,0570156440721498
"E_urophylla_grandis";60;600;65;12,54140952;20,0514693611916;0,123850791745738
"E_urophylla_grandis";60;600;66;11,61831085;19,3020328282361;0,102317264242674
"E_urophylla_grandis";60;600;67;13,49633917;20,7433280186869;0,14837826489493
"E_urophylla_grandis";60;600;68;;;
"E_urophylla_grandis";60;600;69;12,09577567;19,7004026982299;0,113188534485425
"E_urophylla_grandis";60;600;70;;;
"E_urophylla_grandis";60;600;71;12,98704336;20,3840677503411;0,135011673619176
"E_urophylla_grandis";60;600;72;11,55464887;19,2470737275578;0,100910904847081
"E_urophylla_grandis";60;600;73;;;
"E_urophylla_grandis";60;600;74;17,12507188;22,7969506143444;0,262543608598922
"E_urophylla_grandis";60;600;75;10,53605723;18,3027375964114;0,0797870082905093
"E_urophylla_grandis";60;600;76;17,02957891;22,7521112360875;0,259113121750161
"E_urophylla_grandis";60;600;77;14,51493081;21,4020912590835;0,177070428074728
"E_urophylla_grandis";60;600;78;12,09577567;19,7004026982299;0,113188534485425
"E_urophylla_grandis";60;600;79;10,88619811;18,6417937495203;0,0867561061200363
"E_urophylla_grandis";60;600;80;20,05352283;23,9963069171547;0,378953259779553
"E_urophylla_grandis";60;600;81;5,920563883;11,7301349918421;0,0161468956562335
"E_urophylla_grandis";60;600;82;13,973804;21,0615089147868;0,16150228184873
"E_urophylla_grandis";60;600;83;13,56000115;20,7867602683438;0,150094972583099
"E_urophylla_grandis";60;600;84;11,61831085;19,3020328282361;0,102317264242674
"E_urophylla_grandis";60;600;85;;;
"E_urophylla_grandis";60;600;86;13,46450819;20,7214922504757;0,147523736292088
"E_urophylla_grandis";60;600;87;;;
"E_urophylla_grandis";60;600;88;;;
"E_urophylla_grandis";60;600;89;11,84112777;19,4909218561793;0,107319440701076
"E_urophylla_grandis";60;600;90;;;
"E_urophylla_grandis";60;600;91;15,05605762;21,7231179956295;0,193376895264996
"E_urophylla_grandis";60;600;92;11,23633898;18,9654227314162;0,0940312216112845
"E_urophylla_grandis";60;600;93;12,0321137;19,6486558723111;0,111706022083359
"E_urophylla_grandis";60;600;94;;;
"E_urophylla_grandis";60;600;95;25,178312;25,5063798365804;0,634982754206058
"E_urophylla_grandis";60;600;96;10,15408537;17,9140055455669;0,0725327612295657
"E_urophylla_grandis";60;600;97;16,99774792;22,7370726093905;0,257974751592374
"E_urophylla_grandis";60;600;98;16,58394507;22,5372665107751;0,243409109382447
"E_urophylla_grandis";60;600;99;11,87295875;19,5174740986898;0,108044189331974
"E_urophylla_grandis";60;600;100;19,35324108;23,7373698347939;0,349140231174055
"E_camaldulensis";85;288;1;6,334366735;15,4649460619195;0,0243677091732107
"E_camaldulensis";85;288;2;20,4036637;22,1839010866921;0,362672076855331
"E_camaldulensis";85;288;3;;;
"E_camaldulensis";85;288;4;8,276057041;17,484825120843;0,0470292582681604
"E_camaldulensis";85;288;5;16,10648024;21,2430284610148;0,216410139464681
"E_camaldulensis";85;288;6;;;
"E_camaldulensis";85;288;7;;;
"E_camaldulensis";85;288;8;;;
"E_camaldulensis";85;288;9;12,73239545;20,1156521950572;0,128060219267702
"E_camaldulensis";85;288;10;8,849014836;17,9441318939413;0,0551787915492129
"E_camaldulensis";85;288;11;15,27887454;21,0075645476212;0,192583165908492
"E_camaldulensis";85;288;12;;;
"E_camaldulensis";85;288;13;18,27098747;21,7672461440836;0,285356266063323
"E_camaldulensis";85;288;14;10,21774735;18,8673957485194;0,0773538910444719
"E_camaldulensis";85;288;15;7,321127382;16,5949431172358;0,0349294365806851
"E_camaldulensis";85;288;16;;;
"E_camaldulensis";85;288;17;21,54957929;22,3763498763371;0,408062533438806
"E_camaldulensis";85;288;18;14,89690267;20,8910427745371;0,182058921027375
"E_camaldulensis";85;288;19;8,658028904;17,7964893121744;0,0523880564093366
"E_camaldulensis";85;288;20;12,79605742;20,1417199552528;0,12951163900876
"E_camaldulensis";85;288;21;14,86507168;20,8810924234247;0,181195378616243
"E_camaldulensis";85;288;22;14,16478994;20,6521891066834;0,162721993332024
"E_camaldulensis";85;288;23;9,326479665;18,2915209079719;0,0624806010643925
"E_camaldulensis";85;288;24;12,22309963;19,8986549271527;0,116747156010418
"E_camaldulensis";85;288;25;20,91295952;22,2718313234152;0,382513536002353
"E_camaldulensis";85;288;26;9,994930426;18,7314547376476;0,0734836878493609
"E_camaldulensis";85;288;27;6,811831564;16,0426501741326;0,0292323547446236
"E_camaldulensis";85;288;28;10,47239526;19,0167987483766;0,0819010268868288
"E_camaldulensis";85;288;29;16,55211408;21,3610438468109;0,229820782481572
"E_camaldulensis";85;288;30;13,94197301;20,5751053769119;0,157054516149304
"E_camaldulensis";85;288;31;7,639437268;16,9109405653088;0,0387570208753809
"E_camaldulensis";85;288;32;;;
"E_camaldulensis";85;288;33;18,71662131;21,8614622066696;0,300741941451209
"E_camaldulensis";85;288;34;6,429859701;15,5855879572261;0,0253038188407902
"E_camaldulensis";85;288;35;16,87042397;21,4418991219689;0,239648727934692
"E_camaldulensis";85;288;36;;;
"E_camaldulensis";85;288;37;12,09577567;19,8419404780907;0,114001738871253
"E_camaldulensis";85;288;38;13,36901522;20,3665481822194;0,142947363632153
"E_camaldulensis";85;288;39;;;
"E_camaldulensis";85;288;40;15,24704355;20,9980531335374;0,1916947405897
"E_camaldulensis";85;288;41;16,10648024;21,2430284610148;0,216410139464681
"E_camaldulensis";85;288;42;14,73774773;20,8409094969593;0,177761943558349
"E_camaldulensis";85;288;43;13,30535324;20,342404207297;0,14142135149699
"E_camaldulensis";85;288;44;5,347606088;14,0416485043664;0,0157687330561074
"E_camaldulensis";85;288;45;9,867606472;18,6514794474012;0,0713176154838623
"E_camaldulensis";85;288;46;;;
"E_camaldulensis";85;288;47;14,32394488;20,7059507676189;0,166832379854537
"E_camaldulensis";85;288;48;20,30817074;22,1669632071498;0,359010952720542
"E_citriodora";85;288;1;15,59718442;21,3633553630725;0,204090018435221
"E_citriodora";85;288;2;11,84112777;19,5310497334706;0,107540389785948
"E_citriodora";85;288;3;14,22845191;20,7902236308114;0,165285344492851
"E_citriodora";85;288;4;12,06394469;19,6658366253381;0,112396034109258
"E_citriodora";85;288;5;10,47239526;18,603276377882;0,0801200800917182
"E_citriodora";85;288;6;6,366197724;14,1791348752147;0,0225667940438693
"E_citriodora";85;288;7;8,912676813;17,2818524736738;0,0539096480388459
"E_citriodora";85;288;8;11,96845172;19,6085721246767;0,11030159691829
"E_citriodora";85;288;9;22,69549488;23,3382384026545;0,472070945442051
"E_citriodora";85;288;10;5,920563883;13,4588972819734;0,0185265907179353
"E_citriodora";85;288;11;9,740282517;18,0237701822862;0,0671504046992883
"E_citriodora";85;288;12;13,52817016;20,4593831526106;0,147038321318559
"E_citriodora";85;288;13;24,00056542;23,5860941304476;0,533530018495959
"E_citriodora";85;288;14;14,19662092;20,7757832769187;0,164432350076429
"E_citriodora";85;288;15;;;
"E_citriodora";85;288;16;;;
"E_citriodora";85;288;17;20,72197359;22,910390356743;0,386326595045435
"E_citriodora";85;288;18;10,66338119;18,7440918574101;0,0836978223217397
"E_citriodora";85;288;19;13,59183214;20,4906402892625;0,148652226960647
"E_citriodora";85;288;20;;;
"E_citriodora";85;288;21;10,6315502;18,7209010293831;0,0830959431286241
"E_citriodora";85;288;22;8,498873961;16,8705547609703;0,0478533148206771
"E_citriodora";85;288;23;;;
"E_citriodora";85;288;24;12,73239545;20,0468302709795;0,127622085291117
"E_citriodora";85;288;25;16,55211408;21,7146322081629;0,233624995162612
"E_citriodora";85;288;26;14,67408575;20,9868020371534;0,17746317893782
"E_citriodora";85;288;27;11,04535305;19,0140472791483;0,091094815235652
"E_citriodora";85;288;28;16,10648024;21,5551768567428;0,219590104034099
"E_citriodora";85;288;29;9,103662745;17,4621480297741;0,0568315985626091
"E_citriodora";85;288;30;17,57070572;22,0525644035368;0,267360592499461
"E_citriodora";85;288;31;8,276057041;16,6365497373524;0,0447476362435199
"E_citriodora";85;288;32;16,36112815;21,6472144797708;0,227556056251818
"E_citriodora";85;288;33;17,09324089;21,8985264684078;0,251260144014011
"E_citriodora";85;288;34;;;
"E_citriodora";85;288;35;8,53070495;16,9032448156898;0,0483058590653432
"E_citriodora";85;288;36;16,36112815;21,6472144797708;0,227556056251818
"E_citriodora";85;288;37;7,734930234;16,0278878281542;0,0376572829715089
"E_citriodora";85;288;38;;;
"E_citriodora";85;288;39;11,23633898;19,1434989770784;0,0949141297940708
"E_citriodora";85;288;40;;;
"E_citriodora";85;288;41;14,13295895;20,7467378561041;0,162733100968642
"E_citriodora";85;288;42;6,811831564;14,8363719380026;0,0270343168309048
"E_citriodora";85;288;43;6,047887837;13,671575899294;0,0196374874269684
"E_citriodora";85;288;44;18,93943823;22,456142321994;0,316321873325653
"E_citriodora";85;288;45;;;
"E_citriodora";85;288;46;5,506761031;12,7263928049217;0,0151550603571288
"E_citriodora";85;288;47;;;
"E_citriodora";85;288;48;17,0614099;21,8879902868741;0,250204782703006
"E_dunnii";85;288;1;17,82535363;23,979108276922;0,299205259399972
"E_dunnii";85;288;2;16,80676199;23,7537227834662;0,26348728902288
"E_dunnii";85;288;3;19,92619888;24,3763005866928;0,380081388117286
"E_dunnii";85;288;4;;;
"E_dunnii";85;288;5;19,51239602;24,3043476451785;0,363383378052485
"E_dunnii";85;288;6;;;
"E_dunnii";85;288;7;17,60253671;23,9318580787384;0,291196949984691
"E_dunnii";85;288;8;;;
"E_dunnii";85;288;9;17,37971979;23,8834930522272;0,283297844574089
"E_dunnii";85;288;10;13,68732511;22,8756790127378;0,168294935021024
"E_dunnii";85;288;11;16,36112815;23,6470387215562;0,248578258350047
"E_dunnii";85;288;12;15,6608464;23,4682097728073;0,226032197545472
"E_dunnii";85;288;13;16,99774792;23,7978722026695;0,270010580314336
"E_dunnii";85;288;14;17,25239583;23,8553401096827;0,278833099313085
"E_dunnii";85;288;15;14,67408575;23,1899807851768;0,196093130452125
"E_dunnii";85;288;16;17,02957891;23,8051420182414;0,27110559534664
"E_dunnii";85;288;17;15,9473253;23,5431000835753;0,235125234128844
"E_dunnii";85;288;18;16,55211408;23,693404860442;0,2549143611019
"E_dunnii";85;288;19;18,14366351;24,0447496788637;0,310835141198362
"E_dunnii";85;288;20;20,37183272;24,4507425433893;0,398485149661857
"E_dunnii";85;288;21;17,18873385;23,8411198651006;0,276614098168676
"E_dunnii";85;288;22;19,19408614;24,247040652318;0,350795089448432
"E_dunnii";85;288;23;;;
"E_dunnii";85;288;24;;;
"E_dunnii";85;288;25;20,46732568;24,4663012837668;0,402485654303173
"E_dunnii";85;288;26;;;
"E_dunnii";85;288;27;15,08788861;23,3106804908069;0,208387553338657
"E_dunnii";85;288;28;;;
"E_dunnii";85;288;29;;;
"E_dunnii";85;288;30;20,24450876;24,4297848857745;0,393182350304321
"E_dunnii";85;288;31;;;
"E_dunnii";85;288;32;17,09324089;23,8196070235497;0,273302310990123
"E_dunnii";85;288;33;16,93408594;23,7832573035207;0,267827235790058
"E_dunnii";85;288;34;18,52563538;24,1207653658945;0,325085196917587
"E_dunnii";85;288;35;18,71662131;24,1576961251611;0,332330580863562
"E_dunnii";85;288;36;15,97915629;23,5512698854826;0,236146712563695
"E_dunnii";85;288;37;;;
"E_dunnii";85;288;38;16,80676199;23,7537227834662;0,26348728902288
"E_dunnii";85;288;39;15,9473253;23,5431000835753;0,235125234128844
"E_dunnii";85;288;40;14,2602829;23,0629565463885;0,184175199509316
"E_dunnii";85;288;41;14,8332407;23,2371261083406;0,200777197913704
"E_dunnii";85;288;42;16,52028309;23,6857453582547;0,253852772967112
"E_dunnii";85;288;43;20,11718481;24,4085802490744;0,387915216719477
"E_dunnii";85;288;44;;;
"E_dunnii";85;288;45;12,50957853;22,4427799895545;0,137918299349524
"E_dunnii";85;288;46;18,93943823;24,1999097252993;0,340884942251233
"E_dunnii";85;288;47;16,71126902;23,7313010781808;0,260255727638661
"E_dunnii";85;288;48;;;
"E_paniculata";85;288;1;14,8332407;20,5464244408708;0,177528559562406
"E_paniculata";85;288;2;10,21774735;17,585471044467;0,0720981649651445
"E_paniculata";85;288;3;;;
"E_paniculata";85;288;4;9,612958563;17,0407771308509;0,0618391373777759
"E_paniculata";85;288;5;;;
"E_paniculata";85;288;6;8,085071109;15,4121176036635;0,0395630611978359
"E_paniculata";85;288;7;13,49633917;19,8571121173258;0,142039109594112
"E_paniculata";85;288;8;17,47521275;21,6448888810178;0,259573402405487
"E_paniculata";85;288;9;16,58394507;21,3073944857039;0,230126129650461
"E_paniculata";85;288;10;11,55464887;18,6330542456151;0,0976916486425465
"E_paniculata";85;288;11;16,45662112;21,2566585396127;0,226066506460906
"E_paniculata";85;288;12;8,021409132;15,335002303862;0,0387476231694373
"E_paniculata";85;288;13;10,02676141;17,4187485947083;0,0687698692287419
"E_paniculata";85;288;14;14,29211389;20,2801711648303;0,162676357106966
"E_paniculata";85;288;15;12,60507149;19,3325655771233;0,12062574370891
"E_paniculata";85;288;16;12,35042358;19,1716455626677;0,114837302524366
"E_paniculata";85;288;17;10,79070514;18,058700822009;0,0825745165500496
"E_paniculata";85;288;18;16,74310001;21,3698951065938;0,235252376268779
"E_paniculata";85;288;19;12,0321137;18,9629407550029;0,107807612516074
"E_paniculata";85;288;20;9,549296586;16,9804943655212;0,0608069163305704
"E_paniculata";85;288;21;13,40084621;19,8036095147791;0,139658922317198
"E_paniculata";85;288;22;11,71380381;18,7453533583353;0,101006520117304
"E_paniculata";85;288;23;8,307888029;15,6755950646129;0,0424878926487445
"E_paniculata";85;288;24;;;
"E_paniculata";85;288;25;13,40084621;19,8036095147791;0,139658922317198
"E_paniculata";85;288;26;10,15408537;17,5304183095468;0,0709796389348236
"E_paniculata";85;288;27;17,63436769;21,7020877880955;0,265021547450573
"E_paniculata";85;288;28;10,02676141;17,4187485947083;0,0687698692287419
"E_paniculata";85;288;29;7,257465405;14,3403964683484;0,0296613554100007
"E_paniculata";85;288;30;16,90225496;21,431396877543;0,240436092609237
"E_paniculata";85;288;31;15,15155058;20,6956651043467;0,186574992857155
"E_paniculata";85;288;32;7,161972439;14,2063981540662;0,0286160152598328
"E_paniculata";85;288;32;4,742817304;9,87260670505106;0,00872096439665672
"E_paniculata";85;288;33;;;
"E_paniculata";85;288;34;11,77746579;18,7896078672603;0,102348458297606
"E_paniculata";85;288;35;24,82817112;23,6028869317219;0,571366102721383
"E_paniculata";85;288;36;;;
"E_paniculata";85;288;37;15,21521256;20,7248899543858;0,188411829553443
"E_paniculata";85;288;38;14,67408575;20,4697978299932;0,173091421393986
"E_paniculata";85;288;39;12,66873347;19,3719890577509;0,122095736661704
"E_paniculata";85;288;40;6,90732453;13,8375872841368;0,0259262665245063
"E_paniculata";85;288;41;15,21521256;20,7248899543858;0,188411829553443
"E_paniculata";85;288;42;9,612958563;17,0407771308509;0,0618391373777759
"E_paniculata";85;288;43;9,390141642;16,8271808823053;0,0582660443930305
"E_paniculata";85;288;44;15,59718442;20,8960522127942;0,199625742719432
"E_paniculata";85;288;45;13,68732511;19,9622966879733;0,146861364075889
"E_paniculata";85;288;46;;;
"E_paniculata";85;288;47;10,75887415;18,0334173214047;0,0819731404769668
"E_paniculata";85;288;48;10,21774735;17,585471044467;0,0720981649651445
"E_urophylla_grandis";85;288;1;19,09859317;23,9824999530706;0,343524007333949
"E_urophylla_grandis";85;288;2;13,08253632;20,6732712932332;0,138948220060614
"E_urophylla_grandis";85;288;3;17,12507188;23,1064984595936;0,266108550669491
"E_urophylla_grandis";85;288;4;17,3478888;23,2136172007768;0,274344314003979
"E_urophylla_grandis";85;288;5;10,28140932;18,1817397662087;0,0754745656045894
"E_urophylla_grandis";85;288;6;;;
"E_urophylla_grandis";85;288;7;17,09324089;23,0910088909904;0,264942494087407
"E_urophylla_grandis";85;288;8;12,66873347;20,3574103361083;0,128306546328407
"E_urophylla_grandis";85;288;9;19,63971998;24,1968124920491;0,366512362072457
"E_urophylla_grandis";85;288;10;10,82253613;18,7352666928712;0,0861743177907515
"E_urophylla_grandis";85;288;11;;;
"E_urophylla_grandis";85;288;12;;;
"E_urophylla_grandis";85;288;13;12,38225457;20,1294304785973;0,121196709920243
"E_urophylla_grandis";85;288;14;;;
"E_urophylla_grandis";85;288;15;22,28169203;25,1146589275852;0,489647458642109
"E_urophylla_grandis";85;288;16;;;
"E_urophylla_grandis";85;288;17;11,61831085;19,4809214855525;0,103265526955909
"E_urophylla_grandis";85;288;18;12,35042358;20,103609136261;0,120419722796668
"E_urophylla_grandis";85;288;19;15,82000134;22,4301789195871;0,220447742329113
"E_urophylla_grandis";85;288;20;10,3450713;18,248973720317;0,0766946920474905
"E_urophylla_grandis";85;288;21;21,10394545;24,7297347608275;0,432520459111531
"E_urophylla_grandis";85;288;22;10,31324031;18,2154294790193;0,0760833411172563
"E_urophylla_grandis";85;288;23;24,57352321;25,7713617337587;0,611127895183429
"E_urophylla_grandis";85;288;24;13,11436731;20,6969373544226;0,139785027900618
"E_urophylla_grandis";85;288;25;18,14366351;23,5783785026478;0,304806192993617
"E_urophylla_grandis";85;288;26;15,27887454;22,1226422267991;0,202805445088126
"E_urophylla_grandis";85;288;27;;;
"E_urophylla_grandis";85;288;28;14,19662092;21,4523210637996;0,169786886977857
"E_urophylla_grandis";85;288;29;11,96845172;19,7857847210624;0,111298448308136
"E_urophylla_grandis";85;288;30;16,80676199;22,9494458514546;0,254565876982706
"E_urophylla_grandis";85;288;31;;;
"E_urophylla_grandis";85;288;32;15,69267739;22,3593500778684;0,21622860906454
"E_urophylla_grandis";85;288;33;14,16478994;21,4313908007909;0,168861451585959
"E_urophylla_grandis";85;288;34;13,87831104;21,2396547788424;0,160649941822261
"E_urophylla_grandis";85;288;35;10,24957834;18,1479037022873;0,0748683652187664
"E_urophylla_grandis";85;288;36;16,26563518;22,6710096729022;0,235544410377643
"E_urophylla_grandis";85;288;37;14,16478994;21,4313908007909;0,168861451585959
"E_urophylla_grandis";85;288;38;15,27887454;22,1226422267991;0,202805445088126
"E_urophylla_grandis";85;288;39;19,22591713;24,0338378444963;0,348864793990816
"E_urophylla_grandis";85;288;40;11,33183195;19,2212609621983;0,0969263841112573
"E_urophylla_grandis";85;288;41;20,11718481;24,3778104953594;0,387426206069987
"E_urophylla_grandis";85;288;42;;;
"E_urophylla_grandis";85;288;43;;;
"E_urophylla_grandis";85;288;44;;;
"E_urophylla_grandis";85;288;45;15,72450838;22,3771437428527;0,217279468343139
"E_urophylla_grandis";85;288;46;5,634084985;11,0858484235668;0,0138189679369
"E_urophylla_grandis";85;288;47;12,98704336;20,601742092996;0,136453416144061
"E_urophylla_grandis";85;288;48;14,57859279;21,697868995357;0,181095717027422
